{"cameraMode":{"drawMode":0,"name":"Shaded","section":"Shading Mode"},"sceneLighting":false,"audioPlay":false,"sceneViewState":{"showFog":true,"showMaterialUpdate":true,"showSkybox":false,"showFlares":true,"showImageEffects":true,"showParticleSystems":true},"in2DMode":false,"pivot":{"x":1.4709267616271973,"y":-0.09128205478191376,"z":0.23901350796222688},"rotation":{"x":-0.0005553950322791934,"y":-0.9964107871055603,"z":0.006284697912633419,"w":-0.08449108153581619},"size":3.4905121326446535,"orthographic":true}