{"cameraMode":{"drawMode":0,"name":"Shaded","section":"Shading Mode"},"sceneLighting":true,"audioPlay":false,"sceneViewState":{"showFog":true,"showMaterialUpdate":true,"showSkybox":true,"showFlares":true,"showImageEffects":true,"showParticleSystems":true},"in2DMode":false,"pivot":{"x":4.369724273681641,"y":14.838756561279297,"z":135.5597381591797},"rotation":{"x":-0.0913422480225563,"y":0.02568545937538147,"z":0.0023565751034766437,"w":0.995486319065094},"size":92.60575866699219,"orthographic":false}